手法	種類	Jaccard	VI	ARI	境界F	HD95	過分割	未分割	予測/真	一致/分裂/融合/欠落/偽
otsu	mask	0.078	0.805	0.074	0.509	18.9	0	2	3/3	0/2/1/0/0
local_threshold	mask	0.114	1.624	0.000	0.064	105.7	1	2	162/3	0/2/1/0/158
sk_niblack	mask	0.114	1.530	-0.021	0.059	106.0	0	2	81/3	0/0/1/0/80
sk_sauvola	mask	0.085	0.673	-0.028	0.492	16.4	0	2	3/3	0/0/1/0/2
sk_chan_vese	mask	0.090	3.654	0.007	0.050	104.7	10	0	620/3	0/3/0/0/605
xsk_random_walker	mask	0.055	0.684	0.071	0.280	17.0	0	0	3/3	0/0/0/3/3
watersheds	lattice	—	0.861	-0.037	0.556	19.0	0	2	17/3	0/0/1/0/16
sg_watershed_gradient	lattice	—	0.717	-0.025	0.490	26.9	0	2	13/3	0/0/1/0/12
sk_felzenszwalb	lattice	—	0.879	0.601	0.619	10.3	8	0	58/3	0/3/0/0/47
sk_slic	lattice	—	5.472	0.003	0.120	95.1	0	0	48/3	2/0/0/1/46
