手法,種類,Jaccard,VI,ARI,境界F,HD95,過分割,未分割,予測/真,一致/分裂/融合/欠落/偽
otsu,mask,0.215,1.270,0.218,0.279,48.4,0,2,215/8,5/0/1/0/209
local_threshold,mask,0.156,1.268,0.215,0.057,48.8,0,0,162/8,8/0/0/0/154
sk_niblack,mask,0.140,1.130,0.235,0.062,48.8,0,0,56/8,8/0/0/0/48
sk_sauvola,mask,0.106,0.748,0.366,0.345,50.3,0,3,8/8,4/0/1/0/3
sk_chan_vese,mask,0.000,1.540,0.030,0.567,69.8,0,0,7/8,0/0/0/8/7
xsk_random_walker,mask,0.112,0.948,0.149,0.826,41.3,0,0,7/8,0/0/0/8/7
watersheds,lattice,—,3.249,-0.010,0.137,59.9,0,5,229/8,1/0/2/0/226
sg_watershed_gradient,lattice,—,0.011,0.997,1.000,0.0,0,0,9/8,8/0/0/0/1
sk_felzenszwalb,lattice,—,0.043,0.988,0.995,1.0,2,0,14/8,7/1/0/0/4
sk_slic,lattice,—,5.471,0.002,0.138,42.0,0,0,48/8,4/0/0/4/44
flat_field_otsu,mask,1.000,0.000,1.000,1.000,0.0,0,0,8/8,8/0/0/0/0
