錯視,量,真値,測定器の答え,備考
カフェウォール,目地の傾き[度],0(厳密),0.0,探索半幅 < 帯幅 8 px
カフェウォール,目地の傾き[度],0(厳密),+0.1429,探索半幅 >= 帯幅(rms 1.70 で申告)
ミュラー・リヤー,軸長[px],220.0,223.777,矢羽根なし(差は線幅ぶんの一定の下駄 +3.777)
ミュラー・リヤー,軸長[px],220.0,5.701,矢羽根あり ---- 軸でなく矢羽根を対にした
ミュラー・リヤー,想定幅 220 への適合度,1.0,0.0225,宣言すると「合う対が無い」と申告(矢羽根なしは 0.9988)
エビングハウス,2 円の半径差[px],0(厳密),2.5e-12,系統誤差は両方に同じだけ乗り、差で消える
ツェルナー,傾きの広がり[度],0(厳密),2.5e-04,答えでなく採用点数が 13/19 と交互に変わる
ポッゲンドルフ,2 区間の角度差[度],0(厳密),0.450,★外した(rms 2.07 が申告)
ポッゲンドルフ,2 区間の角度差[度],0(厳密),0.115,両エッジを対にして中心を取ると下がる(rms 0.39)
