世界,手法,Jaccard,Dice,境界F,未分割,過分割,予測/真
触れ合う粒,chan_vese,0.938,0.968,0.901,9,0,1/10
触れ合う粒,morph_chan_vese,0.942,0.970,0.906,9,0,1/10
触れ合う粒,morph_gac,0.925,0.961,0.817,9,0,26/10
影のある部品,chan_vese,0.084,0.155,0.000,2,0,1/3
影のある部品,morph_chan_vese,0.092,0.169,0.000,2,0,21/3
影のある部品,morph_gac,0.625,0.769,0.445,0,0,62/3
照明の勾配,chan_vese,0.187,0.315,0.683,3,0,5/8
照明の勾配,morph_chan_vese,0.181,0.307,0.651,3,0,12/8
照明の勾配,morph_gac,0.960,0.980,0.856,0,0,65/8
照明の勾配,drlse,0.938,0.968,0.993,0,0,8/8
細い構造,chan_vese,0.030,0.059,0.000,5,0,1/6
細い構造,morph_chan_vese,0.034,0.066,0.007,5,0,21/6
細い構造,morph_gac,0.667,0.801,0.916,0,7,64/6
