category,reproduced,partial,pending,not_reproducible,合計
高速道路,0,0,11,0,11
交差点,3,0,5,0,8
信号,1,1,6,0,8
追越し,1,1,6,0,8
横断歩道,3,1,2,0,6
歩行者,1,0,5,0,6
踏切,2,2,2,0,6
通行区分,2,1,3,0,6
駐停車禁止,5,0,1,0,6
交通弱者,0,1,4,0,5
発進,0,0,3,2,5
信号なし交差点,3,0,1,0,4
合図,3,0,1,0,4
灯火,0,1,3,0,4
緊急自動車,2,0,2,0,4
速度,0,0,4,0,4
バス,1,0,2,0,3
坂道,1,0,2,0,3
徐行,1,1,1,0,3
自転車,1,2,0,0,3
自転車(相手),0,0,3,0,3
通行禁止,1,0,2,0,3
故障,0,0,2,0,2
環状交差点,2,0,0,0,2
自動運転,0,0,2,0,2
行き違い,1,1,0,0,2
進路変更,1,0,1,0,2
運転前,0,0,0,2,2
道路外へ,0,0,2,0,2
駐停車方法,0,1,1,0,2
駐車,0,0,1,1,2
駐車禁止,0,0,2,0,2
ASV,0,0,1,0,1
AT車,0,0,1,0,1
カーブ,0,0,1,0,1
ブレーキ,0,0,1,0,1
事故,0,0,0,1,1
初心者等,0,0,1,0,1
割込み,0,0,1,0,1
夜間,0,1,0,0,1
山道,0,0,1,0,1
標識・標示,0,0,1,0,1
横断・転回,0,0,1,0,1
災害,0,0,0,1,1
物理,1,0,0,0,1
緊急時,0,0,1,0,1
視覚,0,0,1,0,1
警察官,0,0,1,0,1
警音器,0,0,1,0,1
路面電車,0,0,1,0,1
車間距離,1,0,0,0,1
迷惑行為,0,0,1,0,1
追越され,0,1,0,0,1
追越し禁止場所,1,0,0,0,1
雨,0,1,0,0,1
雪,0,0,1,0,1
霧,0,1,0,0,1
駐停車,0,0,1,0,1
合計,38,17,97,7,159
